Company,Open,High,Low,Close,Volume,Dividends,Stock Splits,Year,Month,Day,mo_return,GICS Sector,GICS Sub-Industry
^GSPC,2683.72998046875,2872.8701171875,2682.360107421875,2823.81005859375,77318690000,0.0,0.0,2018,1,1,,S&P500 Index,S&P500 Index
^GSPC,2816.449951171875,2835.9599609375,2532.68994140625,2713.830078125,79933970000,0.0,0.0,2018,2,1,-0.03894737187936775,S&P500 Index,S&P500 Index
^GSPC,2715.219970703125,2801.89990234375,2585.889892578125,2640.8701171875,76803890000,0.0,0.0,2018,3,1,-0.02688449860055661,S&P500 Index,S&P500 Index
^GSPC,2633.449951171875,2717.489990234375,2553.800048828125,2648.050048828125,70194700000,0.0,0.0,2018,4,1,0.0027187749953684033,S&P500 Index,S&P500 Index
^GSPC,2642.9599609375,2742.239990234375,2594.6201171875,2705.27001953125,76011820000,0.0,0.0,2018,5,1,0.02160834185458363,S&P500 Index,S&P500 Index
^GSPC,2718.699951171875,2791.469970703125,2691.989990234375,2718.3701171875,77891360000,0.0,0.0,2018,6,1,0.004842436267607731,S&P500 Index,S&P500 Index
^GSPC,2704.949951171875,2848.030029296875,2698.949951171875,2816.2900390625,64898300000,0.0,0.0,2018,7,1,0.036021556172899157,S&P500 Index,S&P500 Index
^GSPC,2821.169921875,2916.5,2796.340087890625,2901.52001953125,69523070000,0.0,0.0,2018,8,1,0.030263211276748244,S&P500 Index,S&P500 Index
^GSPC,2896.9599609375,2940.909912109375,2864.1201171875,2913.97998046875,63031510000,0.0,0.0,2018,9,1,0.0042942874264617166,S&P500 Index,S&P500 Index
^GSPC,2926.2900390625,2939.860107421875,2603.5400390625,2711.739990234375,91930980000,0.0,0.0,2018,10,1,-0.06940335609369636,S&P500 Index,S&P500 Index
^GSPC,2717.580078125,2815.14990234375,2631.090087890625,2760.169921875,80620020000,0.0,0.0,2018,11,1,0.017859356654779876,S&P500 Index,S&P500 Index
^GSPC,2790.5,2800.179931640625,2346.580078125,2506.85009765625,84162180000,0.0,0.0,2018,12,1,-0.09177689467997258,S&P500 Index,S&P500 Index
^GSPC,2476.9599609375,2708.949951171875,2443.9599609375,2704.10009765625,80859870000,0.0,0.0,2019,1,1,0.0786844016658262,S&P500 Index,S&P500 Index
^GSPC,2702.320068359375,2813.489990234375,2681.830078125,2784.489990234375,70638770000,0.0,0.0,2019,2,1,0.029728889343927055,S&P500 Index,S&P500 Index
^GSPC,2798.219970703125,2860.31005859375,2722.27001953125,2834.39990234375,79159660000,0.0,0.0,2019,3,1,0.017924256249588457,S&P500 Index,S&P500 Index
^GSPC,2848.6298828125,2949.52001953125,2848.6298828125,2945.830078125,70090370000,0.0,0.0,2019,4,1,0.03931349831373794,S&P500 Index,S&P500 Index
^GSPC,2952.330078125,2954.1298828125,2750.52001953125,2752.06005859375,77250740000,0.0,0.0,2019,5,1,-0.0657777313668354,S&P500 Index,S&P500 Index
^GSPC,2751.530029296875,2964.14990234375,2728.81005859375,2941.760009765625,71250630000,0.0,0.0,2019,6,1,0.06893016399824066,S&P500 Index,S&P500 Index
^GSPC,2971.409912109375,3027.97998046875,2952.219970703125,2980.3798828125,70599470000,0.0,0.0,2019,7,1,0.013128152166958007,S&P500 Index,S&P500 Index
^GSPC,2980.320068359375,3013.590087890625,2822.1201171875,2926.4599609375,80269220000,0.0,0.0,2019,8,1,-0.01809162724052388,S&P500 Index,S&P500 Index
^GSPC,2909.010009765625,3021.989990234375,2891.85009765625,2976.739990234375,74178980000,0.0,0.0,2019,9,1,0.017181177931020676,S&P500 Index,S&P500 Index
^GSPC,2983.68994140625,3050.10009765625,2855.93994140625,3037.56005859375,77720640000,0.0,0.0,2019,10,1,0.0204317705136841,S&P500 Index,S&P500 Index
^GSPC,3050.719970703125,3154.260009765625,3050.719970703125,3140.97998046875,72410620000,0.0,0.0,2019,11,1,0.03404703771449992,S&P500 Index,S&P500 Index
^GSPC,3143.85009765625,3247.929931640625,3070.330078125,3230.780029296875,72325540000,0.0,0.0,2019,12,1,0.02858981890573003,S&P500 Index,S&P500 Index
^GSPC,3244.669921875,3337.77001953125,3214.639892578125,3225.52001953125,77287980000,0.0,0.0,2020,1,1,-0.0016280928190489504,S&P500 Index,S&P500 Index
^GSPC,3235.659912109375,3393.52001953125,2855.840087890625,2954.219970703125,84436590000,0.0,0.0,2020,2,1,-0.08411048363840315,S&P500 Index,S&P500 Index
^GSPC,2974.280029296875,3136.719970703125,2191.860107421875,2584.590087890625,162185380000,0.0,0.0,2020,3,1,-0.12511928240892825,S&P500 Index,S&P500 Index
^GSPC,2498.080078125,2954.860107421875,2447.489990234375,2912.429931640625,123608160000,0.0,0.0,2020,4,1,0.1268440381652789,S&P500 Index,S&P500 Index
^GSPC,2869.090087890625,3068.669921875,2766.639892578125,3044.31005859375,107135190000,0.0,0.0,2020,5,1,0.045281819665558276,S&P500 Index,S&P500 Index
^GSPC,3038.780029296875,3233.1298828125,2965.659912109375,3100.2900390625,131458880000,0.0,0.0,2020,6,1,0.0183883965139243,S&P500 Index,S&P500 Index
^GSPC,3105.919921875,3279.989990234375,3101.169921875,3271.1201171875,96928130000,0.0,0.0,2020,7,1,0.055101321480443645,S&P500 Index,S&P500 Index
^GSPC,3288.260009765625,3514.77001953125,3284.530029296875,3500.31005859375,82466520000,0.0,0.0,2020,8,1,0.07006466690171771,S&P500 Index,S&P500 Index
^GSPC,3507.43994140625,3588.110107421875,3209.449951171875,3363.0,92310780000,0.0,0.0,2020,9,1,-0.03922797017842309,S&P500 Index,S&P500 Index
^GSPC,3385.8701171875,3549.85009765625,3233.93994140625,3269.9599609375,89938980000,0.0,0.0,2020,10,1,-0.02766578622137972,S&P500 Index,S&P500 Index
^GSPC,3296.199951171875,3645.989990234375,3279.739990234375,3621.6298828125,101247180000,0.0,0.0,2020,11,1,0.10754563544385906,S&P500 Index,S&P500 Index
^GSPC,3645.8701171875,3760.199951171875,3633.39990234375,3756.070068359375,96375680000,0.0,0.0,2020,12,1,0.03712145909357002,S&P500 Index,S&P500 Index
^GSPC,3764.610107421875,3870.89990234375,3662.7099609375,3714.239990234375,106117800000,0.0,0.0,2021,1,1,-0.011136660755445142,S&P500 Index,S&P500 Index
^GSPC,3731.169921875,3950.429931640625,3725.6201171875,3811.14990234375,99082320000,0.0,0.0,2021,2,1,0.026091451377448505,S&P500 Index,S&P500 Index
^GSPC,3842.510009765625,3994.409912109375,3723.340087890625,3972.889892578125,122371150000,0.0,0.0,2021,3,1,0.04243863253316524,S&P500 Index,S&P500 Index
^GSPC,3992.780029296875,4218.77978515625,3992.780029296875,4181.169921875,83124090000,0.0,0.0,2021,4,1,0.05242532134755841,S&P500 Index,S&P500 Index
^GSPC,4191.97998046875,4238.0400390625,4056.8798828125,4204.10986328125,88321860000,0.0,0.0,2021,5,1,0.005486488670607014,S&P500 Index,S&P500 Index
^GSPC,4216.52001953125,4302.43017578125,4164.39990234375,4297.5,102544180000,0.0,0.0,2021,6,1,0.02221400956583477,S&P500 Index,S&P500 Index
^GSPC,4300.72998046875,4429.97021484375,4233.1298828125,4395.259765625,84255620000,0.0,0.0,2021,7,1,0.022748054828388597,S&P500 Index,S&P500 Index
^GSPC,4406.85986328125,4537.35986328125,4367.72998046875,4522.68017578125,80500760000,0.0,0.0,2021,8,1,0.028990416255438543,S&P500 Index,S&P500 Index
^GSPC,4528.7998046875,4545.85009765625,4305.91015625,4307.5400390625,85528860000,0.0,0.0,2021,9,1,-0.047569168801901096,S&P500 Index,S&P500 Index
^GSPC,4317.16015625,4608.080078125,4278.93994140625,4605.3798828125,80253600000,0.0,0.0,2021,10,1,0.06914383640060659,S&P500 Index,S&P500 Index
^GSPC,4610.6201171875,4743.830078125,4560.0,4567.0,88268840000,0.0,0.0,2021,11,1,-0.008333706184746143,S&P500 Index,S&P500 Index
^GSPC,4602.81982421875,4808.93017578125,4495.1201171875,4766.18017578125,92750180000,0.0,0.0,2021,12,1,0.04361291346206481,S&P500 Index,S&P500 Index
^GSPC,4778.14013671875,4818.6201171875,4222.6201171875,4515.5498046875,95562890000,0.0,0.0,2022,1,1,-0.05258516502739384,S&P500 Index,S&P500 Index
^GSPC,4519.56982421875,4595.31005859375,4114.64990234375,4373.93994140625,92667710000,0.0,0.0,2022,2,1,-0.031360491945908266,S&P500 Index,S&P500 Index
^GSPC,4363.14013671875,4637.2998046875,4157.8701171875,4530.41015625,123546260000,0.0,0.0,2022,3,1,0.03577328837154627,S&P500 Index,S&P500 Index
^GSPC,4540.31982421875,4593.4501953125,4124.27978515625,4131.93017578125,90367840000,0.0,0.0,2022,4,1,-0.08795671180434304,S&P500 Index,S&P500 Index
^GSPC,4130.60986328125,4307.66015625,3810.320068359375,4132.14990234375,108860390000,0.0,0.0,2022,5,1,5.317770464464708e-05,S&P500 Index,S&P500 Index
^GSPC,4149.77978515625,4177.509765625,3636.8701171875,3785.3798828125,106116710000,0.0,0.0,2022,6,1,-0.08391999993382682,S&P500 Index,S&P500 Index
^GSPC,3781.0,4140.14990234375,3721.56005859375,4130.2900390625,81688320000,0.0,0.0,2022,7,1,0.09111639173020995,S&P500 Index,S&P500 Index
^GSPC,4112.3798828125,4325.27978515625,3954.530029296875,3955.0,92252350000,0.0,0.0,2022,8,1,-0.04244012827299838,S&P500 Index,S&P500 Index
^GSPC,3936.72998046875,4119.27978515625,3584.1298828125,3585.6201171875,94241020000,0.0,0.0,2022,9,1,-0.09339567201327434,S&P500 Index,S&P500 Index
^GSPC,3609.780029296875,3905.419921875,3491.580078125,3871.97998046875,95823760000,0.0,0.0,2022,10,1,0.079863413837009,S&P500 Index,S&P500 Index
^GSPC,3901.7900390625,4080.110107421875,3698.14990234375,4080.110107421875,92671910000,0.0,0.0,2022,11,1,0.05375289335249309,S&P500 Index,S&P500 Index
^GSPC,4087.139892578125,4100.9599609375,3764.489990234375,3839.5,85249330000,0.0,0.0,2022,12,1,-0.0589714740747305,S&P500 Index,S&P500 Index
^GSPC,3853.2900390625,4094.2099609375,3794.330078125,4076.60009765625,80763810000,0.0,0.0,2023,1,1,0.061752857834678994,S&P500 Index,S&P500 Index
^GSPC,4070.070068359375,4195.43994140625,3943.080078125,3970.14990234375,80392280000,0.0,0.0,2023,2,1,-0.026112493931818616,S&P500 Index,S&P500 Index
^GSPC,3963.340087890625,4110.75,3808.860107421875,4109.31005859375,113094800000,0.0,0.0,2023,3,1,0.03505161257710893,S&P500 Index,S&P500 Index
^GSPC,4102.2001953125,4170.06005859375,4049.35009765625,4169.47998046875,70861260000,0.0,0.0,2023,4,1,0.01464234166248112,S&P500 Index,S&P500 Index
^GSPC,4166.7900390625,4186.919921875,4048.280029296875,4136.25,23630535000,0.0,0.0,2023,5,1,-0.00796981413135701,S&P500 Index,S&P500 Index
